Workbook

Sheet Resumen
A1: CÓMPUTO DE BOCAS POR TIPO - Plano A20 REP ELEC PB (Santa Paula / Maldonado)
A2: Conteo automático de símbolos del DXF, validado contra la leyenda del plano. Las celdas se calculan desde la hoja Detalle (se puede corregir ahí). Unidades = piezas (tomas dobles cuentan 2).
A4: Tipo de boca | B4: Categoría | C4: 01 Dormitorio 1 (c/vestidor) | D4: 02 Baño (toilette) | E4: 03 Depósito | F4: 04 Lavadero | G4: 05 Cocina-Living-Comedor | H4: 06 Baño 1 | I4: 07 Baño 2 | J4: 08 Dormitorio 2 | K4: 09 Dormitorio 3 | L4: 10 Galería | M4: 11 Cochera | N4: Exterior / fachada (reflectores) | O4: Exterior / otros | P4: TOTAL
A5: Dicro en cielorraso | B5: Iluminación | C5: =SUMIFS(Detalle!$D$2:$D$134,Detalle!$B$2:$B$134,$A5,Detalle!$E$2:$E$134,C$4) -> 5 | D5: =SUMIFS(Detalle!$D$2:$D$134,Detalle!$B$2:$B$134,$A5,Detalle!$E$2:$E$134,D$4) -> 1 | E5: =SUMIFS(Detalle!$D$2:$D$134,Detalle!$B$2:$B$134,$A5,Detalle!$E$2:$E$134,E$4) -> 3 | F5: =SUMIFS(Detalle!$D$2:$D$134,Detalle!$B$2:$B$134,$A5,Detalle!$E$2:$E$134,F$4) -> 2 | G5: =SUMIFS(Detalle!$D$2:$D$134,Detalle!$B$2:$B$134,$A5,Detalle!$E$2:$E$134,G$4) -> 16 | H5: =SUMIFS(Detalle!$D$2:$D$134,Detalle!$B$2:$B$134,$A5,Detalle!$E$2:$E$134,H$4) -> 2 | I5: =SUMIFS(Detalle!$D$2:$D$134,Detalle!$B$2:$B$134,$A5,Detalle!$E$2:$E$134,I$4) -> 2 | J5: =SUMIFS(Detalle!$D$2:$D$134,Detalle!$B$2:$B$134,$A5,Detalle!$E$2:$E$134,J$4) -> 1 | ... O5: =SUMIFS(Detalle!$D$2:$D$134,Detalle!$B$2:$B$134,$A5,Detalle!$E$2:$E$134,O$4) -> 0 | P5: =SUM(C5:O5) -> 45
A6: Boca sobre pared | B6: Iluminación | C6: =SUMIFS(Detalle!$D$2:$D$134,Detalle!$B$2:$B$134,$A6,Detalle!$E$2:$E$134,C$4) -> 0 | D6: =SUMIFS(Detalle!$D$2:$D$134,Detalle!$B$2:$B$134,$A6,Detalle!$E$2:$E$134,D$4) -> 0 | E6: =SUMIFS(Detalle!$D$2:$D$134,Detalle!$B$2:$B$134,$A6,Detalle!$E$2:$E$134,E$4) -> 0 | F6: =SUMIFS(Detalle!$D$2:$D$134,Detalle!$B$2:$B$134,$A6,Detalle!$E$2:$E$134,F$4) -> 0 | G6: =SUMIFS(Detalle!$D$2:$D$134,Detalle!$B$2:$B$134,$A6,Detalle!$E$2:$E$134,G$4) -> 0 | H6: =SUMIFS(Detalle!$D$2:$D$134,Detalle!$B$2:$B$134,$A6,Detalle!$E$2:$E$134,H$4) -> 1 | I6: =SUMIFS(Detalle!$D$2:$D$134,Detalle!$B$2:$B$134,$A6,Detalle!$E$2:$E$134,I$4) -> 1 | J6: =SUMIFS(Detalle!$D$2:$D$134,Detalle!$B$2:$B$134,$A6,Detalle!$E$2:$E$134,J$4) -> 1 | ... O6: =SUMIFS(Detalle!$D$2:$D$134,Detalle!$B$2:$B$134,$A6,Detalle!$E$2:$E$134,O$4) -> 0 | P6: =SUM(C6:O6) -> 23
A7: Ventilador de techo (boca en losa) | B7: Iluminación | C7: =SUMIFS(Detalle!$D$2:$D$134,Detalle!$B$2:$B$134,$A7,Detalle!$E$2:$E$134,C$4) -> 0 | D7: =SUMIFS(Detalle!$D$2:$D$134,Detalle!$B$2:$B$134,$A7,Detalle!$E$2:$E$134,D$4) -> 0 | E7: =SUMIFS(Detalle!$D$2:$D$134,Detalle!$B$2:$B$134,$A7,Detalle!$E$2:$E$134,E$4) -> 0 | F7: =SUMIFS(Detalle!$D$2:$D$134,Detalle!$B$2:$B$134,$A7,Detalle!$E$2:$E$134,F$4) -> 0 | G7: =SUMIFS(Detalle!$D$2:$D$134,Detalle!$B$2:$B$134,$A7,Detalle!$E$2:$E$134,G$4) -> 2 | H7: =SUMIFS(Detalle!$D$2:$D$134,Detalle!$B$2:$B$134,$A7,Detalle!$E$2:$E$134,H$4) -> 0 | I7: =SUMIFS(Detalle!$D$2:$D$134,Detalle!$B$2:$B$134,$A7,Detalle!$E$2:$E$134,I$4) -> 0 | J7: =SUMIFS(Detalle!$D$2:$D$134,Detalle!$B$2:$B$134,$A7,Detalle!$E$2:$E$134,J$4) -> 0 | ... O7: =SUMIFS(Detalle!$D$2:$D$134,Detalle!$B$2:$B$134,$A7,Detalle!$E$2:$E$134,O$4) -> 0 | P7: =SUM(C7:O7) -> 4
A8: Toma eléctrico | B8: Tomas | C8: =SUMIFS(Detalle!$D$2:$D$134,Detalle!$B$2:$B$134,$A8,Detalle!$E$2:$E$134,C$4) -> 13 | D8: =SUMIFS(Detalle!$D$2:$D$134,Detalle!$B$2:$B$134,$A8,Detalle!$E$2:$E$134,D$4) -> 1 | E8: =SUMIFS(Detalle!$D$2:$D$134,Detalle!$B$2:$B$134,$A8,Detalle!$E$2:$E$134,E$4) -> 6 | F8: =SUMIFS(Detalle!$D$2:$D$134,Detalle!$B$2:$B$134,$A8,Detalle!$E$2:$E$134,F$4) -> 6 | G8: =SUMIFS(Detalle!$D$2:$D$134,Detalle!$B$2:$B$134,$A8,Detalle!$E$2:$E$134,G$4) -> 25 | H8: =SUMIFS(Detalle!$D$2:$D$134,Detalle!$B$2:$B$134,$A8,Detalle!$E$2:$E$134,H$4) -> 2 | I8: =SUMIFS(Detalle!$D$2:$D$134,Detalle!$B$2:$B$134,$A8,Detalle!$E$2:$E$134,I$4) -> 4 | J8: =SUMIFS(Detalle!$D$2:$D$134,Detalle!$B$2:$B$134,$A8,Detalle!$E$2:$E$134,J$4) -> 8 | ... O8: =SUMIFS(Detalle!$D$2:$D$134,Detalle!$B$2:$B$134,$A8,Detalle!$E$2:$E$134,O$4) -> 0 | P8: =SUM(C8:O8) -> 78
A9: Toma para AA (h variable) | B9: Tomas AA | C9: =SUMIFS(Detalle!$D$2:$D$134,Detalle!$B$2:$B$134,$A9,Detalle!$E$2:$E$134,C$4) -> 1 | D9: =SUMIFS(Detalle!$D$2:$D$134,Detalle!$B$2:$B$134,$A9,Detalle!$E$2:$E$134,D$4) -> 0 | E9: =SUMIFS(Detalle!$D$2:$D$134,Detalle!$B$2:$B$134,$A9,Detalle!$E$2:$E$134,E$4) -> 0 | F9: =SUMIFS(Detalle!$D$2:$D$134,Detalle!$B$2:$B$134,$A9,Detalle!$E$2:$E$134,F$4) -> 0 | G9: =SUMIFS(Detalle!$D$2:$D$134,Detalle!$B$2:$B$134,$A9,Detalle!$E$2:$E$134,G$4) -> 1 | H9: =SUMIFS(Detalle!$D$2:$D$134,Detalle!$B$2:$B$134,$A9,Detalle!$E$2:$E$134,H$4) -> 0 | I9: =SUMIFS(Detalle!$D$2:$D$134,Detalle!$B$2:$B$134,$A9,Detalle!$E$2:$E$134,I$4) -> 0 | J9: =SUMIFS(Detalle!$D$2:$D$134,Detalle!$B$2:$B$134,$A9,Detalle!$E$2:$E$134,J$4) -> 1 | ... O9: =SUMIFS(Detalle!$D$2:$D$134,Detalle!$B$2:$B$134,$A9,Detalle!$E$2:$E$134,O$4) -> 0 | P9: =SUM(C9:O9) -> 4
A10: Toma exterior | B10: Tomas | C10: =SUMIFS(Detalle!$D$2:$D$134,Detalle!$B$2:$B$134,$A10,Detalle!$E$2:$E$134,C$4) -> 0 | D10: =SUMIFS(Detalle!$D$2:$D$134,Detalle!$B$2:$B$134,$A10,Detalle!$E$2:$E$134,D$4) -> 0 | E10: =SUMIFS(Detalle!$D$2:$D$134,Detalle!$B$2:$B$134,$A10,Detalle!$E$2:$E$134,E$4) -> 0 | F10: =SUMIFS(Detalle!$D$2:$D$134,Detalle!$B$2:$B$134,$A10,Detalle!$E$2:$E$134,F$4) -> 0 | G10: =SUMIFS(Detalle!$D$2:$D$134,Detalle!$B$2:$B$134,$A10,Detalle!$E$2:$E$134,G$4) -> 0 | H10: =SUMIFS(Detalle!$D$2:$D$134,Detalle!$B$2:$B$134,$A10,Detalle!$E$2:$E$134,H$4) -> 0 | I10: =SUMIFS(Detalle!$D$2:$D$134,Detalle!$B$2:$B$134,$A10,Detalle!$E$2:$E$134,I$4) -> 0 | J10: =SUMIFS(Detalle!$D$2:$D$134,Detalle!$B$2:$B$134,$A10,Detalle!$E$2:$E$134,J$4) -> 0 | ... O10: =SUMIFS(Detalle!$D$2:$D$134,Detalle!$B$2:$B$134,$A10,Detalle!$E$2:$E$134,O$4) -> 3 | P10: =SUM(C10:O10) -> 4
A11: Toma para bomba de pileta | B11: Tomas | C11: =SUMIFS(Detalle!$D$2:$D$134,Detalle!$B$2:$B$134,$A11,Detalle!$E$2:$E$134,C$4) -> 0 | D11: =SUMIFS(Detalle!$D$2:$D$134,Detalle!$B$2:$B$134,$A11,Detalle!$E$2:$E$134,D$4) -> 0 | E11: =SUMIFS(Detalle!$D$2:$D$134,Detalle!$B$2:$B$134,$A11,Detalle!$E$2:$E$134,E$4) -> 0 | F11: =SUMIFS(Detalle!$D$2:$D$134,Detalle!$B$2:$B$134,$A11,Detalle!$E$2:$E$134,F$4) -> 0 | G11: =SUMIFS(Detalle!$D$2:$D$134,Detalle!$B$2:$B$134,$A11,Detalle!$E$2:$E$134,G$4) -> 0 | H11: =SUMIFS(Detalle!$D$2:$D$134,Detalle!$B$2:$B$134,$A11,Detalle!$E$2:$E$134,H$4) -> 0 | I11: =SUMIFS(Detalle!$D$2:$D$134,Detalle!$B$2:$B$134,$A11,Detalle!$E$2:$E$134,I$4) -> 0 | J11: =SUMIFS(Detalle!$D$2:$D$134,Detalle!$B$2:$B$134,$A11,Detalle!$E$2:$E$134,J$4) -> 0 | ... O11: =SUMIFS(Detalle!$D$2:$D$134,Detalle!$B$2:$B$134,$A11,Detalle!$E$2:$E$134,O$4) -> 1 | P11: =SUM(C11:O11) -> 1
A12: Boca de TV | B12: Corrientes débiles | C12: =SUMIFS(Detalle!$D$2:$D$134,Detalle!$B$2:$B$134,$A12,Detalle!$E$2:$E$134,C$4) -> 1 | D12: =SUMIFS(Detalle!$D$2:$D$134,Detalle!$B$2:$B$134,$A12,Detalle!$E$2:$E$134,D$4) -> 0 | E12: =SUMIFS(Detalle!$D$2:$D$134,Detalle!$B$2:$B$134,$A12,Detalle!$E$2:$E$134,E$4) -> 0 | F12: =SUMIFS(Detalle!$D$2:$D$134,Detalle!$B$2:$B$134,$A12,Detalle!$E$2:$E$134,F$4) -> 0 | G12: =SUMIFS(Detalle!$D$2:$D$134,Detalle!$B$2:$B$134,$A12,Detalle!$E$2:$E$134,G$4) -> 1 | H12: =SUMIFS(Detalle!$D$2:$D$134,Detalle!$B$2:$B$134,$A12,Detalle!$E$2:$E$134,H$4) -> 0 | I12: =SUMIFS(Detalle!$D$2:$D$134,Detalle!$B$2:$B$134,$A12,Detalle!$E$2:$E$134,I$4) -> 0 | J12: =SUMIFS(Detalle!$D$2:$D$134,Detalle!$B$2:$B$134,$A12,Detalle!$E$2:$E$134,J$4) -> 1 | ... O12: =SUMIFS(Detalle!$D$2:$D$134,Detalle!$B$2:$B$134,$A12,Detalle!$E$2:$E$134,O$4) -> 0 | P12: =SUM(C12:O12) -> 4
A13: Boca router | B13: Corrientes débiles | C13: =SUMIFS(Detalle!$D$2:$D$134,Detalle!$B$2:$B$134,$A13,Detalle!$E$2:$E$134,C$4) -> 0 | D13: =SUMIFS(Detalle!$D$2:$D$134,Detalle!$B$2:$B$134,$A13,Detalle!$E$2:$E$134,D$4) -> 0 | E13: =SUMIFS(Detalle!$D$2:$D$134,Detalle!$B$2:$B$134,$A13,Detalle!$E$2:$E$134,E$4) -> 0 | F13: =SUMIFS(Detalle!$D$2:$D$134,Detalle!$B$2:$B$134,$A13,Detalle!$E$2:$E$134,F$4) -> 0 | G13: =SUMIFS(Detalle!$D$2:$D$134,Detalle!$B$2:$B$134,$A13,Detalle!$E$2:$E$134,G$4) -> 1 | H13: =SUMIFS(Detalle!$D$2:$D$134,Detalle!$B$2:$B$134,$A13,Detalle!$E$2:$E$134,H$4) -> 0 | I13: =SUMIFS(Detalle!$D$2:$D$134,Detalle!$B$2:$B$134,$A13,Detalle!$E$2:$E$134,I$4) -> 0 | J13: =SUMIFS(Detalle!$D$2:$D$134,Detalle!$B$2:$B$134,$A13,Detalle!$E$2:$E$134,J$4) -> 0 | ... O13: =SUMIFS(Detalle!$D$2:$D$134,Detalle!$B$2:$B$134,$A13,Detalle!$E$2:$E$134,O$4) -> 0 | P13: =SUM(C13:O13) -> 1
A14: Boca timbre | B14: Corrientes débiles | C14: =SUMIFS(Detalle!$D$2:$D$134,Detalle!$B$2:$B$134,$A14,Detalle!$E$2:$E$134,C$4) -> 0 | D14: =SUMIFS(Detalle!$D$2:$D$134,Detalle!$B$2:$B$134,$A14,Detalle!$E$2:$E$134,D$4) -> 0 | E14: =SUMIFS(Detalle!$D$2:$D$134,Detalle!$B$2:$B$134,$A14,Detalle!$E$2:$E$134,E$4) -> 0 | F14: =SUMIFS(Detalle!$D$2:$D$134,Detalle!$B$2:$B$134,$A14,Detalle!$E$2:$E$134,F$4) -> 0 | G14: =SUMIFS(Detalle!$D$2:$D$134,Detalle!$B$2:$B$134,$A14,Detalle!$E$2:$E$134,G$4) -> 1 | H14: =SUMIFS(Detalle!$D$2:$D$134,Detalle!$B$2:$B$134,$A14,Detalle!$E$2:$E$134,H$4) -> 0 | I14: =SUMIFS(Detalle!$D$2:$D$134,Detalle!$B$2:$B$134,$A14,Detalle!$E$2:$E$134,I$4) -> 0 | J14: =SUMIFS(Detalle!$D$2:$D$134,Detalle!$B$2:$B$134,$A14,Detalle!$E$2:$E$134,J$4) -> 0 | ... O14: =SUMIFS(Detalle!$D$2:$D$134,Detalle!$B$2:$B$134,$A14,Detalle!$E$2:$E$134,O$4) -> 0 | P14: =SUM(C14:O14) -> 2
A15: Termostato | B15: Otros | C15: =SUMIFS(Detalle!$D$2:$D$134,Detalle!$B$2:$B$134,$A15,Detalle!$E$2:$E$134,C$4) -> 0 | D15: =SUMIFS(Detalle!$D$2:$D$134,Detalle!$B$2:$B$134,$A15,Detalle!$E$2:$E$134,D$4) -> 0 | E15: =SUMIFS(Detalle!$D$2:$D$134,Detalle!$B$2:$B$134,$A15,Detalle!$E$2:$E$134,E$4) -> 0 | F15: =SUMIFS(Detalle!$D$2:$D$134,Detalle!$B$2:$B$134,$A15,Detalle!$E$2:$E$134,F$4) -> 0 | G15: =SUMIFS(Detalle!$D$2:$D$134,Detalle!$B$2:$B$134,$A15,Detalle!$E$2:$E$134,G$4) -> 1 | H15: =SUMIFS(Detalle!$D$2:$D$134,Detalle!$B$2:$B$134,$A15,Detalle!$E$2:$E$134,H$4) -> 0 | I15: =SUMIFS(Detalle!$D$2:$D$134,Detalle!$B$2:$B$134,$A15,Detalle!$E$2:$E$134,I$4) -> 0 | J15: =SUMIFS(Detalle!$D$2:$D$134,Detalle!$B$2:$B$134,$A15,Detalle!$E$2:$E$134,J$4) -> 0 | ... O15: =SUMIFS(Detalle!$D$2:$D$134,Detalle!$B$2:$B$134,$A15,Detalle!$E$2:$E$134,O$4) -> 0 | P15: =SUM(C15:O15) -> 1
A16: Tablero eléctrico | B16: Otros | C16: =SUMIFS(Detalle!$D$2:$D$134,Detalle!$B$2:$B$134,$A16,Detalle!$E$2:$E$134,C$4) -> 0 | D16: =SUMIFS(Detalle!$D$2:$D$134,Detalle!$B$2:$B$134,$A16,Detalle!$E$2:$E$134,D$4) -> 0 | E16: =SUMIFS(Detalle!$D$2:$D$134,Detalle!$B$2:$B$134,$A16,Detalle!$E$2:$E$134,E$4) -> 0 | F16: =SUMIFS(Detalle!$D$2:$D$134,Detalle!$B$2:$B$134,$A16,Detalle!$E$2:$E$134,F$4) -> 0 | G16: =SUMIFS(Detalle!$D$2:$D$134,Detalle!$B$2:$B$134,$A16,Detalle!$E$2:$E$134,G$4) -> 0 | H16: =SUMIFS(Detalle!$D$2:$D$134,Detalle!$B$2:$B$134,$A16,Detalle!$E$2:$E$134,H$4) -> 0 | I16: =SUMIFS(Detalle!$D$2:$D$134,Detalle!$B$2:$B$134,$A16,Detalle!$E$2:$E$134,I$4) -> 0 | J16: =SUMIFS(Detalle!$D$2:$D$134,Detalle!$B$2:$B$134,$A16,Detalle!$E$2:$E$134,J$4) -> 0 | ... O16: =SUMIFS(Detalle!$D$2:$D$134,Detalle!$B$2:$B$134,$A16,Detalle!$E$2:$E$134,O$4) -> 0 | P16: =SUM(C16:O16) -> 1
A17: Caja de acceso internet 15x15 | B17: Corrientes débiles | C17: =SUMIFS(Detalle!$D$2:$D$134,Detalle!$B$2:$B$134,$A17,Detalle!$E$2:$E$134,C$4) -> 0 | D17: =SUMIFS(Detalle!$D$2:$D$134,Detalle!$B$2:$B$134,$A17,Detalle!$E$2:$E$134,D$4) -> 0 | E17: =SUMIFS(Detalle!$D$2:$D$134,Detalle!$B$2:$B$134,$A17,Detalle!$E$2:$E$134,E$4) -> 0 | F17: =SUMIFS(Detalle!$D$2:$D$134,Detalle!$B$2:$B$134,$A17,Detalle!$E$2:$E$134,F$4) -> 0 | G17: =SUMIFS(Detalle!$D$2:$D$134,Detalle!$B$2:$B$134,$A17,Detalle!$E$2:$E$134,G$4) -> 0 | H17: =SUMIFS(Detalle!$D$2:$D$134,Detalle!$B$2:$B$134,$A17,Detalle!$E$2:$E$134,H$4) -> 0 | I17: =SUMIFS(Detalle!$D$2:$D$134,Detalle!$B$2:$B$134,$A17,Detalle!$E$2:$E$134,I$4) -> 0 | J17: =SUMIFS(Detalle!$D$2:$D$134,Detalle!$B$2:$B$134,$A17,Detalle!$E$2:$E$134,J$4) -> 0 | ... O17: =SUMIFS(Detalle!$D$2:$D$134,Detalle!$B$2:$B$134,$A17,Detalle!$E$2:$E$134,O$4) -> 1 | P17: =SUM(C17:O17) -> 1
A18: TOTAL | C18: =SUM(C5:C17) -> 20 | D18: =SUM(D5:D17) -> 2 | E18: =SUM(E5:E17) -> 9 | F18: =SUM(F5:F17) -> 8 | G18: =SUM(G5:G17) -> 48 | H18: =SUM(H5:H17) -> 5 | I18: =SUM(I5:I17) -> 7 | J18: =SUM(J5:J17) -> 12 | ... P18: =SUM(P5:P17) -> 169
A20: RESUMEN POR CATEGORÍA (mismo criterio que Aura: Ilum / Tomas / AA / Corr. débiles)
A21: Iluminación | B21: =SUMIFS(Detalle!$D$2:$D$134,Detalle!$C$2:$C$134,A21) -> 72
A22: Tomas | B22: =SUMIFS(Detalle!$D$2:$D$134,Detalle!$C$2:$C$134,A22) -> 83
A23: Tomas AA | B23: =SUMIFS(Detalle!$D$2:$D$134,Detalle!$C$2:$C$134,A23) -> 4
A24: Corrientes débiles | B24: =SUMIFS(Detalle!$D$2:$D$134,Detalle!$C$2:$C$134,A24) -> 8
A25: Otros | B25: =SUMIFS(Detalle!$D$2:$D$134,Detalle!$C$2:$C$134,A25) -> 2
A26: TOTAL piezas | B26: =SUM(B21:B25) -> 169
A28: Cajas/bocas de toma (cajas rectangulares, dobles = 1) | B28: =COUNTIFS(Detalle!$C$2:$C$134,"Tomas")+COUNTIFS(Detalle!$C$2:$C$134,"Tomas AA") -> 51
A29: Bocas totales contando cajas (Ilum + cajas de toma + AA + CD) | B29: =B21+B28+B24 -> 131
A30: Superficie cubierta plano municipal (m²) | B30: 145.87
A31: Bocas por m² cubierto | B31: =B29/B30 -> 0.89805992
A32: Ref. Aura: 54 bocas / 68 m² = 0,79 por m². Estimado previo del cómputo (ratio): 115 bocas

Sheet Detalle
A1: N° | B1: Tipo de boca | C1: Categoría | D1: Cant. (piezas) | E1: Local | F1: Circuito (letra plano) | G1: X (m) | H1: Y (m)
A2: 1 | B2: Dicro en cielorraso | C2: Iluminación | D2: 1 | E2: 01 Dormitorio 1 (c/vestidor) | F2: D | G2: 2.3 | H2: 3.45
A3: 2 | B3: Dicro en cielorraso | C3: Iluminación | D3: 1 | E3: 01 Dormitorio 1 (c/vestidor) | F3: A | G3: 2.36 | H3: 6.54
A4: 3 | B4: Dicro en cielorraso | C4: Iluminación | D4: 1 | E4: 01 Dormitorio 1 (c/vestidor) | F4: C | G4: 3.45 | H4: 3.04
A5: 4 | B5: Dicro en cielorraso | C5: Iluminación | D5: 1 | E5: 01 Dormitorio 1 (c/vestidor) | F5: C | G5: 3.45 | H5: 4.04
A6: 5 | B6: Dicro en cielorraso | C6: Iluminación | D6: 1 | E6: 01 Dormitorio 1 (c/vestidor) | F6: D | G6: 1.3 | H6: 3.45
A7: 6 | B7: Toma eléctrico | C7: Tomas | D7: 2 | E7: 01 Dormitorio 1 (c/vestidor) | F7: ? | G7: 3.88 | H7: 6.8
A8: 7 | B8: Toma eléctrico | C8: Tomas | D8: 2 | E8: 01 Dormitorio 1 (c/vestidor) | F8: A | G8: 0.84 | H8: 7.54
A9: 8 | B9: Toma eléctrico | C9: Tomas | D9: 2 | E9: 01 Dormitorio 1 (c/vestidor) | F9: S | G9: 3.89 | H9: 8.13
A10: 9 | B10: Toma eléctrico | C10: Tomas | D10: 2 | E10: 01 Dormitorio 1 (c/vestidor) | F10: ? | G10: 3.88 | H10: 6.33
A11: 10 | B11: Toma eléctrico | C11: Tomas | D11: 2 | E11: 01 Dormitorio 1 (c/vestidor) | F11: C | G11: 2.32 | H11: 4.75
A12: 11 | B12: Toma eléctrico | C12: Tomas | D12: 2 | E12: 01 Dormitorio 1 (c/vestidor) | F12: B | G12: 0.84 | H12: 5.54
A13: 12 | B13: Toma eléctrico | C13: Tomas | D13: 1 | E13: 01 Dormitorio 1 (c/vestidor) | F13: C | G13: 3.91 | H13: 3.47
... A134: 133 | B134: Caja de acceso internet 15x15 | C134: Corrientes débiles | D134: 1 | E134: Exterior / otros | F134: - | G134: 14.9 | H134: 1.9

Sheet Notas
A1: NOTAS Y PUNTOS A VERIFICAR
A3: 1. Fuente: DXF "A20 REP ELEC PB Computo Bocas". Símbolos explotados (sin bloques): se clasificaron por geometría según la leyenda (dicro = punto con anillo; boca sobre pared = punto con trazo; tomas = símbolo en Y; TV/Router/Timbre/Termostato = círculo con sigla).
A4: 2. Dicro en cielorraso: 45. Boca sobre pared: 23, de las cuales 11 son reflectores exteriores (letra R, incluye "futura conexión rampa"). No hay bocas en losa sin dicro, ni cámaras de seguridad en el plano.
A5: 3. Tomas: cada símbolo en Y es una pieza; los pares superpuestos son tomas dobles (1 caja con 2 tomas). Verificar con el unifilar si son circuitos separados.
A6: 4. Toma para AA: 4 (dormitorios 1, 2 y 3 a h=2,20 m y living a h=3,00 m). Toma exterior: 4. Toma para bomba de pileta: 1.
A7: 5. Ventiladores de techo: 4 (círculos de 0,60 m, 2 en living y 2 en galería); se contaron como boca de iluminación en losa.
A8: 6. Asignación a locales por coordenadas (cuadrículas A-E / 1-5 del plano). Los tomas del depósito (x<0,68) y del pasillo entre baños y muro C deberían confirmarse en obra. "Exterior / otros" incluye caja de acceso internet y tomas/bomba fuera del edificio.
A9: 7. Tablero eléctrico (h 1,00 m) y caja de acceso a internet 15x15 (h 0,30 m) se cargaron manualmente desde las anotaciones del plano.
A10: 8. Alturas: figuran como texto en el plano (h 0,70 / 1,00 / 1,20 / 1,40 / 1,80 / 2,20 / 3,00 m) y no se incorporaron al conteo.
A11: 9. Falta en el DXF: canalizaciones, cableado (metros) y circuitos termomagnéticos; solo se cuentan bocas.
